{
    "lists":[
        {
            "title":"Apple 苹果 iPhone 6s Plus (A1699) 16G 玫瑰金色 移动联通电信4G 全网通手机",
            "pic":"img/pic.jpg",
            "link":"#1",
            "date":"2015-12-01"
        },
        {
            "title":"Letv 乐视1S 乐1S 移动联通双4G 双卡双待 16GB 金",
            "pic":"img/pic.jpg",
            "link":"#2",
            "date":"2015-12-02"
        },
        {
            "title":"NOKIA/诺基亚 2610 nokia 2610 经典诺基亚直板手机 学生备用老人手机 诺基亚低端功能机",
            "pic":"img/pic.jpg",
            "link":"#3",
            "date":"2015-12-03"
        },
        {
            "title":"华为 Mate8 NXT-TL00 3GB+32GB版 移动定制 月光银",
            "pic":"img/pic.jpg",
            "link":"#4",
            "date":"2015-12-04"
        },
        {
            "title":"锤子 坚果 32GB 红色 移动联通4G手机 双卡双待",
            "pic":"img/pic.jpg",
            "link":"#5",
            "date":"2015-12-05"
        },
        {
            "title":"华为荣耀7i ATH-AL00 3G内存增强版 移动联通电信4G 沙滩金 双卡双待",
            "pic":"img/pic.jpg",
            "link":"#6",
            "date":"2015-12-06"
        },
        {
            "title":"小米 红米2A 增强版 白色 16G 移动4G手机 官网版 双卡双待",
            "pic":"img/pic.jpg",
            "link":"#7",
            "date":"2015-12-07"
        },
        {
            "title":"Samsung 三星 Galaxy Note4 N9108V 移动4G手机 幻影白",
            "pic":"img/pic.jpg",
            "link":"#8",
            "date":"2015-12-08"
        },
        {
            "title":"HTC Desire 826T 魔幻蓝 移动4G手机 双卡双待",
            "pic":"img/pic.jpg",
            "link":"#9",
            "date":"2015-12-09"
        },
        {
            "title":"华为 荣耀畅玩4X Che2-UL00 联通标配版4G手机 双卡双待双通 白色",
            "pic":"img/pic.jpg",
            "link":"#10",
            "date":"2015-12-10"
        }
    ]
}