{
    "lists":[
        {
            "title":"Apple 苹果 iPhone 6 Plus 16G 4G手机 金色 公开版（三网通用A1524)",
            "pic":"img/pic.jpg",
            "link":"#1",
            "date":"2015-01-02"
        },
        {
            "title":"Meizu 魅族 魅蓝note 移动4G手机16G版 蓝色 双卡双待",
            "pic":"img/pic.jpg",
            "link":"#2",
            "date":"2015-01-03"
        },
        {
            "title":"Meizu 魅族 MX4 Pro 移动4G手机16G版 金色",
            "pic":"img/pic.jpg",
            "link":"#3",
            "date":"2015-02-02"
        },
        {
            "title":"华为 Mate7 MT7-CL00 标准版 电信4G手机 月光银 双卡双待双通 16G存储内存版",
            "pic":"img/pic.jpg",
            "link":"#4",
            "date":"2015-03-02"
        },
        {
            "title":"小米 小米4 MI4 4G智能手机 白色 联通合约版",
            "pic":"img/pic.jpg",
            "link":"#5",
            "date":"2015-01-04"
        },
        {
            "title":"Lenovo 联想 笋尖 S60-t 樱花粉 移动4G手机 双卡双待",
            "pic":"img/pic.jpg",
            "link":"#6",
            "date":"2015-01-07"
        },
        {
            "title":"Sony 索尼 Xperia Z2 L50U 4G智能手机 白色 联通定制",
            "pic":"img/pic.jpg",
            "link":"#7",
            "date":"2015-02-04"
        },
        {
            "title":"Nubia 努比亚 大牛3 Z7 Max （NX505H）联通移动双4G手机 黑色 双卡双待",
            "pic":"img/pic.jpg",
            "link":"#8",
            "date":"2015-03-04"
        },
        {
            "title":"Lenovo 联想 乐檬 K3（K30-W）16G 典雅黄 联通4G手机 双卡双待",
            "pic":"img/pic.jpg",
            "link":"#9",
            "date":"2015-02-14"
        },
        {
            "title":"华为 荣耀 3X畅玩版 G750-T01 移动3G手机 手机 白色",
            "pic":"img/pic.jpg",
            "link":"#10",
            "date":"2015-02-15"
        }
    ]
}